{"cameraMode":{"drawMode":0,"name":"Shaded","section":"Shading Mode"},"sceneLighting":false,"audioPlay":false,"sceneViewState":{"m_AlwaysRefresh":false,"showFog":true,"showSkybox":false,"showFlares":true,"showImageEffects":true,"showParticleSystems":true,"showVisualEffectGraphs":true,"m_FxEnabled":true},"in2DMode":false,"pivot":{"x":-3.2304821014404299,"y":16.822952270507814,"z":9.029708862304688},"rotation":{"x":-0.14811517298221589,"y":-0.04389752075076103,"z":0.006581179331988096,"w":-0.9879738092422485},"size":67.09880828857422,"orthographic":false}