{"cameraMode":{"drawMode":0,"name":"Shaded","section":"Shading Mode"},"sceneLighting":true,"audioPlay":false,"sceneViewState":{"m_AlwaysRefresh":false,"showFog":true,"showSkybox":true,"showFlares":true,"showImageEffects":true,"showParticleSystems":true,"showVisualEffectGraphs":true,"m_FxEnabled":true},"in2DMode":false,"pivot":{"x":3.081911087036133,"y":-155.3090057373047,"z":2317.52001953125},"rotation":{"x":0.04738031327724457,"y":-0.004495146218687296,"z":0.0002128936321241781,"w":0.9988721609115601},"size":1299.855712890625,"orthographic":false}